{
  "v3.0": {
    "instr_attributes": {
      "Copy": {
        "input" : "inputVar",
        "output" : "outputVar"
      },
      "Equals": {
        "lhs" : "leftVar",
        "rhs" : "rightVar"
      },
      "GreaterThan": {
        "lhs" : "leftVar",
        "rhs" : "rightVar"
      },
      "GreaterThanOrEqual": {
        "lhs" : "leftVar",
        "rhs" : "rightVar"
      },
      "Input": {
        "output" : "outputVar"
      },
      "LessThan": {
        "lhs" : "leftVar",
        "rhs" : "rightVar"
      },
      "LessThanOrEqual": {
        "lhs" : "leftVar",
        "rhs" : "rightVar"
      },
      "Log": {
        "input" : "inputVar"
      },
      "Output": {
        "from" : "fromVar"
      }
    },
    "variable_attributes": {
      "File": {
        "fileName": "file"
      }
    }
  }
}